<?xml version="1.0" encoding="UTF-8"?>

<mule xmlns:salesforce="http://www.mulesoft.org/schema/mule/salesforce" xmlns:ee="http://www.mulesoft.org/schema/mule/ee/core"
	xmlns="http://www.mulesoft.org/schema/mule/core"
	xmlns:doc="http://www.mulesoft.org/schema/mule/documentation" xmlns:xsi="http://www.w3.org/2001/XMLSchema-instance" xsi:schemaLocation="http://www.mulesoft.org/schema/mule/core http://www.mulesoft.org/schema/mule/core/current/mule.xsd
http://www.mulesoft.org/schema/mule/ee/core http://www.mulesoft.org/schema/mule/ee/core/current/mule-ee.xsd
http://www.mulesoft.org/schema/mule/salesforce http://www.mulesoft.org/schema/mule/salesforce/current/mule-salesforce.xsd">
	<salesforce:sfdc-config name="Salesforce_Config_basic" doc:name="Salesforce Config" doc:id="6093aeb8-a0fd-4379-ae5d-b107c3f8fe8e" >
		<salesforce:cached-basic-connection username="bhagavanreddy@xyz.com" password="Sale@123" securityToken="kB8oQDlFT7eBX5EYdmpR5ass" />
	</salesforce:sfdc-config>
	<salesforce:sfdc-config name="Salesforce_Config-oauth-UP" doc:name="Salesforce Config" doc:id="c25b4d37-c618-4001-97a0-7804dd325924" >
		<salesforce:cached-oauth-user-pass-connection consumerKey="3MVG9G9pzCUSkzZsyEfXalp6LTQbTfjBi1kQkb7hexpZJjNJla117Nio7TG4qe5m3bmmnCrfQFsLTZxSG57Cj" consumerSecret="85A0595881DEEBE198D37AD526E5286D2C25B2BE206A5B4E7F4ECBB4A58BD430" username="bhagavanreddy@xyz.com" password="Sale@123" securityToken="kB8oQDlFT7eBX5EYdmpR5ass" />
	</salesforce:sfdc-config>
	<salesforce:sfdc-config name="Salesforce_Config-oauth-JWT" doc:name="Salesforce Config" doc:id="ece602a0-77e9-41fd-adde-6e59ba6a8fb8" >
		<salesforce:cached-oauth-jwt-connection consumerKey="3MVG9G9pzCUSkzZsyEfXalp6LTYC5YxGaxCJQ0G350NFYkcYfo4RkxvbV4MnJhTqkWkbwPxk.1N8IL8AGtue_" principal="bhagavanreddy@xyz.com" keyStore="sfdcAccount-keystore.jks" storePassword="Sale@123"/>
	</salesforce:sfdc-config>
	<flow name="getBy-custId-impl" doc:id="55238966-0a9a-45d6-8e3e-f6b5c2b6ea5b" >
		<set-variable doc:name="create var for custId" doc:id="6671ddc9-66bd-4554-8264-118c912b8faf" variableName="custId" value="#[%dw 2.0
output application/java
---
attributes]"/>
		<logger level="INFO" doc:name="log custId" doc:id="c0def8f9-f638-4eb6-a917-0e9472a6ff46" message="Request for account details with customer id is = #[vars.custId]"/>
		<salesforce:query doc:name="Query by custId" doc:id="27576cf9-589f-4833-953b-d17b4662a536" config-ref="Salesforce_Config_basic">
			<reconnect-forever />
			<salesforce:salesforce-query >SELECT custId__c,accountId__c,accountName__c,accountNo__c,bankName__c,loanAmount__c FROM custom_object_sfdc_template__c WHERE custId__c = ':custId'</salesforce:salesforce-query>
			<salesforce:parameters ><![CDATA[#[output application/java
---
{
	"custId" : vars.custId
}]]]></salesforce:parameters>
		</salesforce:query>
		<ee:transform doc:name="Transform to json" doc:id="897fae11-1b9a-487b-89c2-544fa77774ce" >
			<ee:message >
				<ee:set-payload ><![CDATA[%dw 2.0
output application/json
---
{
	Account: {
		custId: payload.custId__c as String default "",
		accountId: payload.accountId__c default "",
		accountNo: payload.accountNo__c as String default "",
		accountName: payload.accountName__c default "",
		bankName: payload.bankName__c default "",
		loanAmount: payload.loanAmount__c default ""
	}
}]]></ee:set-payload>
			</ee:message>
		</ee:transform>
	</flow>
	<flow name="create-customer-account-impl" doc:id="1d63026e-72f4-470b-91d3-ceac9c66575c" >
		<ee:transform doc:name="create var for custId &amp; map to sfdc" doc:id="d5e026fa-4928-4ed6-b4e5-05f0336b23fc" >
			<ee:message >
				<ee:set-payload ><![CDATA[%dw 2.0
output application/java
---
[{
	bankName__c: payload.Account.bankName,
	loanAmount__c: payload.Account.loanAmount as String,
	accountNo__c: payload.Account.accountNo,
	accountId__c: payload.Account.accountId,
	custId__c: payload.Account.custId,
	accountName__c: payload.Account.accountName
}]]]></ee:set-payload>
			</ee:message>
			<ee:variables >
				<ee:set-variable variableName="custId" ><![CDATA[%dw 2.0
output application/java
---
payload.Account.custId]]></ee:set-variable>
			</ee:variables>
		</ee:transform>
		<logger level="INFO" doc:name="Log the account custId to be inserted into SFDC" doc:id="e2b53b48-e1bb-417e-8f7c-838867049022" message=":::::::::::  record  with custId= #[vars.custId] to be inserted to sfdc" />
		<salesforce:create doc:name="Create cust account" doc:id="9543aa7e-d031-4ab0-a117-5cf81565e275" config-ref="Salesforce_Config-oauth-UP" type="custom_object_sfdc_template__c"/>
		<set-payload doc:name="response message" doc:id="8166b33b-7067-41e6-b32c-07d41762dbb2" value='#[%dw 2.0
output application/json
---
{
	sucess: payload.success as String default "",
	id: payload.id default "",
	statusCode: payload.errors[0].statusCode default ""
}]'/>
	</flow>
	<flow name="update-customer-account-impl" doc:id="2f01cd7c-31ca-4128-b643-4c6b4618edf6">
		<ee:transform doc:name="create var for custId &amp; map to sfdc" doc:id="a65b2d55-58fa-460b-94b3-1baae16df536" >
			<ee:message >
				<ee:set-payload ><![CDATA[%dw 2.0
output application/java
---
[{
	bankName__c: payload.Account.bankName,
	loanAmount__c: payload.Account.loanAmount as String,
	accountNo__c: payload.Account.accountNo,
	accountId__c: payload.Account.accountId,
	custId__c: payload.Account.custId,
	accountName__c: payload.Account.accountName
}]]]></ee:set-payload>
			</ee:message>
			<ee:variables >
				<ee:set-variable variableName="custId" ><![CDATA[%dw 2.0
output application/java
---
payload.Account.custId]]></ee:set-variable>
			</ee:variables>
		</ee:transform>
		<logger level="INFO" doc:name="Log custId" doc:id="43fea6e0-fdf6-4182-8575-2bd61369aa4a" message="update for account with customer ID = #[vars.custId]" />
		<salesforce:update doc:name="Update account y custId" doc:id="0da5ca0d-309b-4809-9ef5-e9b3aa598b77" config-ref="Salesforce_Config-oauth-JWT" type="custom_object_sfdc_template__c">
			<reconnect-forever />
			<salesforce:records ><![CDATA[#[vars.custId]]]></salesforce:records>
		</salesforce:update>
		<set-payload value='#[%dw 2.0
output application/json
---
{
	sucess: payload.success as String default "",
	id: payload.id default "",
	statusCode: payload.errors[0].statusCode default ""
}]' doc:name="response message" doc:id="a478dfae-d109-4f84-b3a9-5c49013eca0d" />
	</flow>
</mule>
