<?xml version='1.0' encoding='UTF-8'?>
<types:mule xmlns:types="http://www.mulesoft.org/schema/mule/types">
  <types:catalog>
    <types:type name="custId" format="java">
      <types:shape format="raml"><![CDATA[#%RAML 1.0 DataType
type: number]]></types:shape>
    </types:type>
    <types:type name="tmjson" format="json">
      <types:shape format="weave" example="getBy-custId-response.json"><![CDATA[%dw 2.0

type tmjson = {|
  Account: {|
    custId: String, 
    accountId: String, 
    accountNo: String, 
    accountName: String, 
    bankName: String, 
    loanAmount: String
  |}
|} {"example": "{\"Account\":{\"custId\":\"111\",\"accountId\":\"121a0111\",\"accountNo\":\"217010103111\",\"accountName\":\"krishna\",\"bankName\":\"HDFC\",\"loanAmount\":\"120000\"}}"}

]]></types:shape>
    </types:type>
    <types:type name="jsonResponse" format="json">
      <types:shape format="weave" example="SuccessResponse.json"><![CDATA[%dw 2.0

type jsonResponse = {|
  sucess: String, 
  id: String, 
  statusCode: String
|} {"example": "{\"sucess\":\"true\",\"id\":\"9387fghjfnehhgf\",\"statusCode\":\"654edfghjk\"}"}

]]></types:shape>
    </types:type>
    <types:type name="xmlTM" format="xml">
      <types:example format="xml" element="Account" location="createBody.xml"/>
    </types:type>
  </types:catalog>
  <types:enrichment select="#a65b2d55-58fa-460b-94b3-1baae16df536">
    <types:processor-declaration>
      <types:input-event>
        <types:message>
          <types:payload type="xmlTM"/>
          <types:attributes type="custId"/>
        </types:message>
      </types:input-event>
      <types:output-event>
        <types:variables>
          <types:variable name="custId" type="custId"/>
        </types:variables>
      </types:output-event>
    </types:processor-declaration>
  </types:enrichment>
  <types:enrichment select="#897fae11-1b9a-487b-89c2-544fa77774ce">
    <types:processor-declaration>
      <types:output-event>
        <types:message>
          <types:payload type="tmjson"/>
        </types:message>
      </types:output-event>
    </types:processor-declaration>
  </types:enrichment>
  <types:enrichment select="#8166b33b-7067-41e6-b32c-07d41762dbb2">
    <types:operation-declaration>
      <types:inputs>
        <types:parameter name="value" type="jsonResponse"/>
      </types:inputs>
    </types:operation-declaration>
  </types:enrichment>
  <types:enrichment select="#6671ddc9-66bd-4554-8264-118c912b8faf">
    <types:processor-declaration>
      <types:input-event>
        <types:message>
          <types:attributes type="custId"/>
        </types:message>
      </types:input-event>
    </types:processor-declaration>
    <types:operation-declaration>
      <types:inputs>
        <types:parameter name="value" type="custId"/>
      </types:inputs>
    </types:operation-declaration>
  </types:enrichment>
  <types:enrichment select="#d5e026fa-4928-4ed6-b4e5-05f0336b23fc">
    <types:processor-declaration>
      <types:input-event>
        <types:message>
          <types:payload type="xmlTM"/>
        </types:message>
      </types:input-event>
      <types:output-event>
        <types:variables>
          <types:variable name="custId" type="custId"/>
        </types:variables>
      </types:output-event>
    </types:processor-declaration>
  </types:enrichment>
  <types:enrichment select="#a478dfae-d109-4f84-b3a9-5c49013eca0d">
    <types:operation-declaration>
      <types:inputs>
        <types:parameter name="value" type="jsonResponse"/>
      </types:inputs>
    </types:operation-declaration>
  </types:enrichment>
</types:mule>